team_name,Mirage
Natus Vincere,103.80103673027077
Eternal Fire,100.1705216664417
The MongolZ,101.0
Astralis,98.94072170106776
HEROIC,99.89735338548113
Vitality,104.35174054520834
FURIA,98.734900708
Spirit,96.72926421512184
MOUZ,99.91368069713998
Virtus.pro,99.67499970482385
FaZe,97.91303974805523
G2,101.35801137426596
Liquid,97.5147295241235
