team_name,Ancient,Anubis,Nuke,Dust2,Mirage,Inferno
MOUZ,99.0,0.0,100.425,99.881125,100.7397287882422,101.4825
Vitality,0.0,100.693375,99.5,100.29871375,100.564073203125,100.47125
Natus Vincere,102.6275,0.0,99.55,102.32239001,102.50875612578125,101.14475
Spirit,100.5,100.1675,100.65,98.8208311325,99.64979036330078,0.0
G2,100.93625,101.2301875,101.9,103.4557852375,103.606831390625,100.088875
